job_position,job_position
,2
7,2
7033771951,1
737,1
857628,1
896651,1
91,1
abapdeveloper,1
account,1
administrativeclerk,1
administrator,2
advisor,1
advisoryconsultantuiuxexpert,1
advisorysoftwareengineer,1
advisorysystemanalyat,1
agencycollectionmanager,1
agroupchatapplication,1
aiengineer,1
airforce,1
analystconsultant,1
analystprogrammer,6
analystsoftwareengineer,1
analyticsandinsitedevloper,1
androidapplicationdeveloper,6
androiddevelopersrexecutive,1
androidengineer,5356
androidfacilitator,1
androidlead,1
anytechnical,1
appdeveloper,1
applicationdeveloper1,1
applicationdeveloper2,2
applicationdeveloperanalyst,5
applicationdeveloperfrontend,1
applicationdevelopment,1
applicationdevelopmentaassociate,1
applicationdevelopmentanalyst,6
applicationdevelopmentassociate,3
applicationdevelopmentsenioranalyst,3
applicationdevelopmentteamlead,1
applicationengineer,6
applicationengineerii,1
applicationsengineer,2
applicationsengineer2,1
appliedscientist,1
appliedscientistii,1
architectteamlead,2
areabusinessmanager,1
areaoperationsmanager,1
ase,3
aspnetdeveloper,1
assetmanagementcoordinator,1
assisatntsystemengineer,1
assistant,1
assistantengineer,2
assistantengineertrainee,1
assistantmanager,6
assistantmanagercapitalmarket,1
assistantprofessor,6
assistantregionalsalesmanager,1
assistantsoftwareengineer,1
assistantsystemengineer,15
assistantsystemengineertrainee,5
assistantsystemenginner,1
associate,13
associateanalyst,4
associateapplicationdeveloper,2
associateapplicationengineer,1
associateapplicationsdeveloper,1
associatecoder,1
associateconsultant,12
associateconsultantdeveloper,2
associatedataengineer,1
associatedatascientist,1
associatedeveloper,4
associatedirectoronlineproducts,1
associateengineer,2
associatefuturesengineeringteam,1
associateinteractivedeveloperl2,1
associateitengineer,1
associatel1,1
associatemanager,1
associateprincipalengineer,1
associateprocessor,1
associateproductlead,1
associateproductmanager,1
associateprofessional,1
associateprofessionaldeveloper,1
associateprofessor,1
associateprojectmanager,1
associatesoftwaredeveloper,6
associatesoftwareengineer,35
associatesystemengineer,3
associatesystemengineertrainee,2
associatetechlead,1
associatetechnicalengineer,1
associatetechnicallead,1
associatetechnicalsupport,1
associatetechnology,1
assosiateproductmanager,1
assosiatesoftwareengineer,1
asstmanager,1
atminterfacesystem,1
auditing,1
auditmanager,1
auditor,1
automationarchitect,1
automationdeveloper,2
automationengineer,4
automationexpert,1
automationtestengineer,1
automationtestenginner,1
ays,1
azuredatafactory,1
ba,1
backendarchitect,1287
backendengineer,43546
backendengineering,1
backofficeexecutiveadmin,1
basisadministrator,1
bda,1
bdm,1
bengaluru,1
bigdatadeveloper,1
branchmanager,2
bta,1
businessanalystlead,1
businessanalystproductowner,1
businessanalysts,2
businessanalytics,1
businessconsultant,2
businessdevelopment,1
businessdevelopmentexecutive,1
businessdevelopmentmanager,1
businessman,1
businessoperationsnewassociate,1
businessprocesslead,1
businesssystemanalyst,1
businesstechnologyanalyst,4
calculator,1
cantreveal,1
cashier,1
catagorymanager,1
chiefpeopleofficer,1
chieftechnologyofficer,1
citytransportlead,1
clerk,1
cloud,1
clouddataarchitect,1
cloudengineer,1
cloudsecurityanalyst,1
cloudsoftwareengineer,1
cloudsupportassociate,1
cofounder,374
cofoundercto,1
cofounderg,1
complianceauditor,1
complianceoperation,1
computerfaculty,1
computerscientist1,2
computerscientist2,1
consultanat,1
consultant,24
consultantdevelopment,1
contentmanagerintern,1
coo,1
coreengineersoftwaredeveloper,1
coretechengineerresearcher,1
crc,1
creditrisk,1
creditriskmanager,1
cto,2
ctoandcofounder,1
customerserviceexecutive,2
customersupportspecialist,1
cybersecurityengineer,1
dataanalayst,1
dataanalyst,2906
dataassociate,1
databaseadministrator,552
databasedeveloper,1
dataeingineer,1
dataengineer,12
dataengineer2,1
dataengineeriii,1
dataentry,1
dataoperationsmanager,1
dataproductengineer,1
datascienceanalyst,2
datascientist,5367
datascientist2,2
datascientistii,1
dataspecialist,1
datavisualizationengineer,1
datawarehousedeveloper,1
decisionanalyticsassociate,1
deliveryprojectlead,1
deputygeneralmanager,1
deputymanager,1
designengineer,2
designspecialist,1
developer2,1
developerasociate,1
developerassociate,1
developerproductionsupport,1
devlopmentengineer,1
devopscloudengineer,1
devopsengineer,4612
digitalcontentassociate,1
digitalmarketing,1
digitalmarketingmanager,1
directorengineering,2
dotnetdeveloper,2
driver,2
edpadmin,1
electricaltechnician,1
electricpowersupply,1
embeddedsoftwaredevelopmentengineer,1
embeddedsoftwareengineer,2
employee,1
engeneeringlead,1
engineer,25
engineer1,3
engineer2,1
engineeri,1
engineeringintern,2694
engineeringleadai,1
engineeringleadership,6870
engineeringmanagerii,3
engineeringprogrammanager,1
engineeringteamlead,1
engineertrainee,1
engineet,1
eno,1
entrepreneur,1
entrepreneurship,1
erpapplicationdeveloper,1
erpassociate,1
erpconsultant,1
escalationengineer,2
etldeveloper,1
exchangecoordinator,1
executiveoperation,1
executivesoftwaredeveloper,1
farmer,1
fbservice,1
fibreengineer,1
financeandaccounting,1
financelead,1
financialanalyst,1
firmwareengineer,2
firmwaresoftwareengineerl,1
flutterappengineer,1
foo,52547
forex,1
foundersoffice,1
freelance,1
freelancer,1
freelancesde,1
fresher,3
fresherstudent,1
frontenddev,1
frontenddeveloper,4
frontendengineer,10418
frontendwebdeveloper,1
fullstackdeveloperintern,1
fullstackdevloper,3
fullstackengineer,25982
fullstackwebdeveloper,2
fusionapplicationsengineer,1
graduateengineertrainee,3
graduateintern,1
graduateprogrammer,1
graduateresearchassistant,1
graduatesoftwaredeveloper,1
graphicdesigner,1
growth,1
growthmanager,1
h,1
hardwareengineer,1
headofanalytics,1
headofengineering,1
headscientist,1
highwayengineer,1
hod,1
humanresource,2
hvacalgorithmdeveloper,1
iaasengineer,1
implementationengineer,1
infotechnologysrassociate,1
instructionalapprentice,1
instructor,1
insuranceagent,1
integration,1
integrationdeveloper,2
integrationengineer,1
intern,42
internationalcodinginstructor,1
interndataanalyst,1
interndeveloper,1
internship,1
internsoftwaredeveloper,5
iosapplicationdeveloper,1
iosengineer,2745
iossoftwaredeveloper,1
iosswiftdeveloper,1
iotconsultant,1
itanalyst,1
itcoordinator,1
itengineer,1
itexecutive,1
itmmanager,1
ittrainee,1
javabackenddeveloper,1
javadevloper,1
javamicroservicesdeveloper,1
javasoftwareengineer,1
jharkhand,1
jrprodspecialist,1
jrsoftwareengineer,1
juniorassociatetechnology,1
juniorconsultant,1
juniordeveloper,1
juniorfrontendeng,1
juniorsoftwaredeveloper,3
juniorwebdeveloper,1
kam,1
keyaccountmanager,1
l4,1
lead,2
leadanalyst,2
leadandroiddeveloper,1
leadconsultant,1
leadconsultanttechnology,1
leaddesignengineer,1
leadengineerii,1
leadengineersoftwaredevelopment,3
leadmis,1
leadproductengineer,1
leadsoftwaredeveloper,1
leadsoftwaredevelopmentengineer,1
leadsoftwareengineer,14
leadsoftwareengineerintest,1
leaduiengineer,1
learningwebdesigning,1
lecturer,3
leisuremanager,1
linuxadministrator,2
linuxsystemadministrator,1
loanprocessing,1
logisticssupplychain,1
machinelearningdataassociate,1
machinelearningdeveloper,1
machinelearningengineer,9
machinelearningengineerintern,1
machinelearningintern,1
mainframedeveloper,2
maintenanceengineer,1
managementexecutive,1
manager,4
managercandidate,1
managercx,1
manualtester,7
maricketing,1
marketingprofessional,1
matlabprogrammer,1
meanstackdeveloper,1
mechanicalengineering,1
mechanicalengineers,1
medicalfield,1
memberoftechnicalstaff,15
memberoftechnicalstaff2,4
memberoftechnicalstaff3,1
memberoftechnicalstaff4,1
memberoftechnicalstaffatnineleaps,1
memberoftechnicalstaffjava,2
memberoftechnicalstafflevel2,1
memberoftechnicalstaffmts,1
membertechnialstaff,1
membertechnical,1
membertechnicalstaff,4
membertechnicalstaff1,1
membertechnicalstaff2,1
membertechnicalstaffiii,1
membertechnicalstaffzoho,1
messengercomedriver,1
middlewareengineer,1
mlengineer,2
mobileapplicationdeveloper,2
mobileapplicationengineerandroidios,1
modulelead,2
moduleleadsoftwareengineer,1
mts,4
mts2,4
mts3,2
mtsii,2
mtsintern,1
mulesoftdeveloper,1
n,1
na,5
nce,1
networkadministrator,3
networkfunctionvirtualisation,1
networking,1
networksoftwareengineer,1
newgraduate,1
no,4
nojob,2
noncoder,595
none,2
notapplicable,2
notemployed,1
nowiamnotworkingwaitingforjob,1
null,1
officemanagement,1
onlinereputationmanager,1
operation,1
operationassociate,1
operationexecutive,1
operationsanalyst,1
operationsexpert,1
operationslead,1
operationsmanager,2
oracleappstechnicalconsultant,1
oracledba,1
oracleleaddba,1
other,18072
others,1
owner,2
pa,1
packageiimplementationassociate,1
pat,1
pdpexecutive,1
performanceengineer,2
personalbanker,1
pgtcomputerscience,1
phdstudent,1
platformengineer,3
pmo,1
pop,1
popengineer,1
powerplantengineer,1
powerplatformdeveloper,1
pragrammeranalyst,1
principalapplicationengineer,1
principalapplicationsengineer,1
principalconsultant,1
principalengineer1,1
principalengineerandimagingleader,1
principalproductengineer,1
principalsoftwareengineer,7
principalsolutionarchitect,1
principlememberoftechnicalstaff,1
processassociate,2
processexecutive,1
productdesigner,1314
productdevelloper,1
productdeveloper,4
productdevelopmentengineer,3
productengineerbackend,1
productionengineeringsenioranalyst,1
productmanager,1161
productsolutionengineer,1
productspecialist,1
professional,1
professionalapplicationdeliveryi,1
professionalservicesengineer,1
professor,1
programanalysttrainee,1
programmanager,814
programmanagerintern,1
programmaranalyst,1
programmeranalyst,13
programmeranalyst1,1
programmeranalyst2,1
programmeranalysttrainee,6
projectassistant,1
projectassociate,2
projectengineer,19
projectlead,3
projectleader,2
projectmanagementprofession,1
projectofficer,1
projecttrainee,1
pune,1
pythondevloper,1
q,1
qaeintern,1
qaengineer,6587
qaintern,1
qaqcengineer,1
qualityanalyst,2
qualityassociate,3
qualityassurancemanager,1
qualityengineer,1
qualityenginner,1
quantitativeanalyst,3
radiofrequencyengineer,1
rdengineer,3
rdengineer2,1
rdengineerii,1
rdenginnerii,1
reactnativedeveloper,1
reasearchengineer,1
recoveryofficer,1
relationshipofficer,1
releaseengineer,126
reseachanalyst,1
researchanalyst,2
researchassistant,4
researchassistantsoftwareengineer,1
researchengineer,21
researchengineer2,1
researchengineers,1228
researcher,1
researchinternmachinelearning,1
reseller,1
retailasscociate,1
riskanalyst,1
riskinvestigator,1
riskmodeldeveloper,1
safetyofficer,1
sales,3
salesandcollectionexecutive,1
salesforceconsultant,1
salesforcedeveloper,2
salesmanager,1
salesprofessional,1
sapabapdeveloper,2
sapc4cfunctionalconsultant,1
sapcpqconsultant,1
saptechnicalconsultant,1
scientistc,1
sde1,27
sde2,50
sde3,16
sde4,1
sdei,2
sdeii,7
sdeintern,2
sdelead,1
sdet,4967
sdet2,3
sdet3,1
sdetintern,1
sdetsenior,2
se4,1
secretary,1
securityanalyst,1
securitydeliveryspecialist,1
securityintern,1
securityleadership,148
securityresearcher,1
seii,1
seleceman,1
selfjob,1
sellersupport,1
sellersupportassociate,1
senioradministrator,2
senioranalyst,4
senioranalystprogrammer,1
senioranalysts,1
seniorandroiddeveloper,2
seniorapplicationengineer,1
seniorapplicationsengineer,1
seniorassociate,9
seniorassociateindextechnologyproductionsupport,1
seniorassociateplatforml1,1
seniorassociatetechnologylevel1,1
seniorbusinessanalyst,1
seniorbusinessoperationsanalyst,1
seniorchatassociate,1
seniorconsulant,1
seniorconsultant,12
seniordatabaseengineer,1
seniordataengineer,5
seniordatascientist,4
seniordeveloper,5
seniordevelopmentengineer,2
seniordevops,1
seniordirectorofengineering,1
seniorengineer,15
seniorengineeraiml,1
seniorengineersoftware,1
seniorenginner,1
seniorexecutive,1
seniorfrontenddeveloper,1
seniorfrontendengineer,2
seniorfusionapplicationsengineer,1
seniorleadanalyst,1
seniormanager,2
seniormanagerit,1
seniormanageronlineproducts,1
seniormemberoftechnicalstaff,3
seniormemberoftechnicalstaffrdmachinelearning,1
seniormembertechnicalstaff,1
seniormobileapplicationsdeveloperandroidios,1
seniormobiledeveloper,1
seniorprocessexecutive,1
seniorproductdevelopmentengineerseniordeveloper,1
seniorprojectengineer,1
seniorqaengineer,1
seniorqaengineeriii,1
seniorquantitativeanalyst,1
seniorquantitativeresearcher,1
seniorresearchassociate,1
seniorsdet,1
seniorsoftwareanalyst,2
seniorsoftwareconsultant,1
seniorsoftwaredeveloper,14
seniorsoftwaredevelopmentenggineer,1
seniorsoftwaredevelopmentengineer,10
seniorsoftwaredevelopmentengineerbackend,1
seniorsoftwaredevelopmentengineerii,1
seniorsoftwaredevelopmentengineerintest,1
seniorsoftwareengineeer,5
seniorsoftwareengineer,56
seniorsoftwareengineer1,1
seniorsoftwareengineerbackend,10
seniorsoftwareengineerfrontend,1
seniorsoftwareengineerinfrastructure,1
seniorsoftwareengineering,1
seniorsoftwareengineerl2,1
seniorsoftwareengineerlead,1
seniorsoftwareengineernetbackend,1
seniorsoftwareengineerqa,1
seniorsoftwaretestengineer,1
seniorsofwareengineer,1
seniorsolutionengineer,1
seniorstaffsoftwareengineer,1
seniorsystemengineer,7
seniorsystemsengineer,12
seniorsystemspecialist,1
seniortecharchitect,1
seniortechnicalassistant,1
seniortechnicalspecialist,1
seniortestengineer,1
senioruienginner,1
seniorwebdeveloper,1
seniorwebengineer,1
seniorwebmethodsdeveloper,1
serd,1
serverengineer,2
servicedeliveryspecialist,1
servicenowdeveloper,1
servicesitdevelopmentprogramseniorassociate,1
sharepointdeveloper,1
shiftcontroller,1
sitereliabilityengineer,3
smts,2
snranalystprogrammerjavadeveloper,1
so,2
softskilltraineratskillindiagovernmentproject,1
software,1
softwareanalyst,4
softwareassociate,1
softwareconsultant,3
softwaredeveloper1,7
softwaredeveloper2,6
softwaredeveloperandroid,1
softwaredeveloperapplicationdeveloper,1
softwaredeveloperautomation,1
softwaredeveloperconsultant,1
softwaredeveloperdataengineer,2
softwaredevelopergrade1,1
softwaredeveloperi,2
softwaredeveloperii,2
softwaredeveloperintern,2
softwaredeveloperios,1
softwaredeveloperpl10,1
softwaredevelopersde3,1
softwaredeveloperui,1
softwaredevelopment,1
softwaredevelopmentanalyst,1
softwaredevelopmentconsultant1,1
softwaredevelopmentengineer,1
softwaredevelopmentengineer1,3
softwaredevelopmentengineer2,19
softwaredevelopmentengineer3,1
softwaredevelopmentengineeri,16
softwaredevelopmentengineerii,14
softwaredevelopmentengineeriii,3
softwaredevelopmentengineeringintern,1
softwaredevelopmentengineerintern,4
softwaredevelopmentengineerintest,1
softwaredevelopmentengineeriv,1
softwaredevelopmentenginner,3
softwaredevelopmentintern,3
softwaredevelopmentmanager,1
softwaredevelopmentspecialist,1
softwaredevengineer,1
softwaredevengineer1,1
softwaredevloper,1
softwareeng,3
softwareengineer,17
softwareengineer1,12
softwareengineer2,23
softwareengineer2b,1
softwareengineer2backend,1
softwareengineer2fullstack,1
softwareengineer3,2
softwareengineeradvancedanalytics,1
softwareengineeranalyst,1
softwareengineerandroid,4
softwareengineerandroidintern,1
softwareengineerassociate,2
softwareengineerbackend,42
softwareengineerfrontend,3
softwareengineerfullstack,10
softwareengineeri,10
softwareengineerii,16
softwareengineeriii,4
softwareengineeriiisde2,1
softwareengineering,1
softwareengineeringanalyst,1
softwareengineeringcontractor,1
softwareengineeringcoop,1
softwareengineeringengineer2,1
softwareengineeringintern,1
softwareengineeringlead,1
softwareengineerintern,3
softwareengineerintest,2
softwareengineeriv,1
softwareengineerl2,1
softwareengineeroperations,1
softwareengineerprogrammeranalyst,1
softwareengineerrd,1
softwareengineerrdintern,1
softwareengineertesting,1
softwareengineertraineeml,1
softwareenginner,5
softwareenginneringspecialist,1
softwareprodplatenganalyst,1
softwareqa,1
softwareqaengineer,1
softwaretestengineer,4
softwarewebdeveloper,3
softwearengineer,1
solutionarchitectapprentice,1
solutionarchitectcloudandinfra,1
solutionengineer,2
solutionintegrationconsultanti,1
solutionsarchitect,2
solutionsdesigner,1
solutionsspecialist,1
somedataentryoperatorlikesomecopyswritetypeandupload,1
somerandomtitle,1
specialist,1
specialistprogrammer,2
specialistprogrammerpp,2
spsassociate,1
sqlplsqldeveloper,1
sr,1
srassociateplatforml2,1
srconsultant,1
srdeveloper,1
sre,1
srexecutive,1
srhrexecutive,1
sriosdeveloper,1
sriosengineer,1
srleadengineer,1
srmisexecutive,1
sroperationexecutive,1
srproductengineer,1
srrepresentative,1
srsoftwareengg,1
srsoftwareenggandroid,1
srsoftwareengineer,8
srsoftwareengineerandroid,1
srsolutionarchitect,1
srtechnicalarchitect,2
srtechnicalmanager,1
staffconsultant,1
staffdeveloper,1
staffengineermgr,1
staffsoftwareengineer,3
storw,1
strategyandnewinitiatives,1
student,25
studentincomputerapplication,1
studentintern,2
subinspector,1
subjectmatterexpert,1
summertechnologyanalystsoftwaredeveloperintern,1
support,1
supportengineer,3602
supportescalationengineer,1
swengineer2,2
systemadmin,1
systemengineer,50
systemengineerfullstackdeveloper,1
systemsanalyst,1
systemsoftwareengineer,3
systemsoperationsengineer,1
ta,1
talentacquisitionspecialist,1
talentacquisitionsspecialist,1
teacher,4
teaching,2
teachingassistant,3
teachingfield,1
teamlead,11
teamleadandroid,1
teamleadmobile,1
teammanager,1
teammate,1
tecchnicallead,1
techarchitecture,1
techinicallead,1
techleadsoftwareengineer,4
techleadteamlead,1
techmanager,1
technicalarchitecct,1
technicalassociate,1
technicalconsultant,3
technicalconsulting,1
technicalengineer,1
technicalhead,1
technicalleader,4
technicalmanager,1
technicalmentor,1
technicalofficer,1
technicalprogramprogram,1
technicalsupportengineer,3
technicaltestlead,1
technician,2
technologyanalyst,12
technologyanalystii,1
technologyarchitect,1
technologyassociate,1
technologyconsultant,1
technologyspecialist,1
techopsengineer1,1
techperson,1
telar,1
testanalyst,3
testautomationengineer,2
tester,2
testtechnicianspecialist,1
thirdpartyprovider,1
toolroomengineermechanicalengineer,1
toyota,1
trainee,3
traineedecisionscientist,1
traineeengineerjavadeveloper,1
traineeintern,1
trainer,7
transactionriskinvestigator,1
tsc,1
tuitionteacher,1
txsme,1
typing,1
ucm,1
uiarchitect,1
uideveloperintern,1
underwritingofficer,1
unempolyed,1
userexperiencespecialist,1
vendormanagement,1
vicepresident,3
voicepresident,1
webapplicationdeveloper,1
webcenterconsultant,1
webdesigner,1
webdesignerdeveloperintern,1
webdeveloperfullstack,1
webengineer,1
webuidesigner,1
wordpressdeveloper,1
worker,1
x,1
youngprofessionalii,1
zomato,2
